Name_pas,,Ram,Ram,Ram,Shan,Shan,Shan,Sam,Sam,Sam
type_dis,,BMI,Temp,Weight,BMI,Temp,Weight,BMI,Temp,Weight
year,visit,,,,,,,,,
2013,1,38.9,37.19,42.0,36.96,47.9,35.48,27.7,35.87,49.4
2013,2,46.5,37.41,52.7,36.63,34.4,35.83,29.3,36.84,45.6
2013,3,37.9,37.02,52.8,38.39,36.1,36.28,44.9,35.31,17.1
2014,1,38.9,37.08,20.799999999999997,37.4,35.5,36.63,30.3,36.39,21.6
2014,2,55.8,37.91,48.2,37.92,40.4,36.22,41.4,35.75,33.7
2014,3,37.8,34.62,33.3,37.74,42.9,36.91,6.600000000000001,36.57,29.5
